date, value
09/04/2007,2469.18
10/04/2007,2477.61
11/04/2007,2459.31
12/04/2007,2480.32
13/04/2007,2491.94
16/04/2007,2518.33
17/04/2007,2516.95
18/04/2007,2510.5
19/04/2007,2505.35
20/04/2007,2526.39
23/04/2007,2523.67
24/04/2007,2524.54
25/04/2007,2547.89
26/04/2007,2554.46
27/04/2007,2557.21
30/04/2007,2525.09
01/05/2007,2531.53
02/05/2007,2557.84
03/05/2007,2565.46
04/05/2007,2572.15
07/05/2007,2570.95
08/05/2007,2571.75
09/05/2007,2576.34
10/05/2007,2533.74
11/05/2007,2562.22
14/05/2007,2546.44
15/05/2007,2525.29
16/05/2007,2547.42
17/05/2007,2539.38
18/05/2007,2558.45
21/05/2007,2578.79
22/05/2007,2588.02
23/05/2007,2577.05
24/05/2007,2537.92
25/05/2007,2557.19
29/05/2007,2572.06
30/05/2007,2592.59
31/05/2007,2604.52
01/06/2007,2613.92
04/06/2007,2618.29
05/06/2007,2611.23
06/06/2007,2587.18
07/06/2007,2541.38
08/06/2007,2573.54
11/06/2007,2572.15
12/06/2007,2549.77
13/06/2007,2582.31
14/06/2007,2599.41
15/06/2007,2626.71
18/06/2007,2626.6
19/06/2007,2626.76
20/06/2007,2599.96
21/06/2007,2616.96
22/06/2007,2588.96
25/06/2007,2577.08
26/06/2007,2574.16
27/06/2007,2605.35
28/06/2007,2608.37
29/06/2007,2603.23
02/07/2007,2632.3
03/07/2007,2644.95
05/07/2007,2656.65
06/07/2007,2666.51
09/07/2007,2670.02
10/07/2007,2639.16
11/07/2007,2651.79
12/07/2007,2701.73
13/07/2007,2707
16/07/2007,2697.33
17/07/2007,2712.29
18/07/2007,2699.49
19/07/2007,2720.04
20/07/2007,2687.6
23/07/2007,2690.58
24/07/2007,2639.86
25/07/2007,2648.17
26/07/2007,2599.34
27/07/2007,2562.24
30/07/2007,2583.28
31/07/2007,2546.27
01/08/2007,2553.87
02/08/2007,2575.98
03/08/2007,2511.25
06/08/2007,2547.33
07/08/2007,2561.6
08/08/2007,2612.98
09/08/2007,2556.49
10/08/2007,2544.89
13/08/2007,2542.24
14/08/2007,2499.12
15/08/2007,2458.83
16/08/2007,2451.07
17/08/2007,2505.03
20/08/2007,2508.59
21/08/2007,2521.3
22/08/2007,2552.8
23/08/2007,2541.7
24/08/2007,2576.69
27/08/2007,2561.25
28/08/2007,2500.64
29/08/2007,2563.16
30/08/2007,2565.3
31/08/2007,2596.36
04/09/2007,2630.24
05/09/2007,2605.95
06/09/2007,2614.32
07/09/2007,2565.7
10/09/2007,2559.11
11/09/2007,2597.47
12/09/2007,2592.07
13/09/2007,2601.06
14/09/2007,2602.18
17/09/2007,2581.66
18/09/2007,2651.66
19/09/2007,2666.48
20/09/2007,2654.29
21/09/2007,2671.22
24/09/2007,2667.95
25/09/2007,2683.45
26/09/2007,2699.03
27/09/2007,2709.59
28/09/2007,2701.5
01/10/2007,2740.99
02/10/2007,2747.11
03/10/2007,2729.43
04/10/2007,2733.57
05/10/2007,2780.32
08/10/2007,2787.37
09/10/2007,2803.91
10/10/2007,2811.61
11/10/2007,2772.2
12/10/2007,2805.68
15/10/2007,2780.05
16/10/2007,2763.91
17/10/2007,2792.67
18/10/2007,2799.31
19/10/2007,2725.16
22/10/2007,2753.93
23/10/2007,2799.26
24/10/2007,2774.76
25/10/2007,2750.86
26/10/2007,2804.19
29/10/2007,2817.44
30/10/2007,2816.71
31/10/2007,2859.12
01/11/2007,2794.83
02/11/2007,2810.38
05/11/2007,2795.18
06/11/2007,2825.18
07/11/2007,2748.76
08/11/2007,2696
09/11/2007,2627.94
12/11/2007,2584.13
13/11/2007,2673.65
14/11/2007,2644.32
15/11/2007,2618.51
16/11/2007,2637.24
19/11/2007,2593.38
20/11/2007,2596.81
21/11/2007,2562.15
23/11/2007,2596.6
26/11/2007,2540.99
27/11/2007,2580.8
28/11/2007,2662.91
29/11/2007,2668.13
30/11/2007,2660.96
03/12/2007,2637.13
04/12/2007,2619.83
05/12/2007,2666.36
06/12/2007,2709.03
07/12/2007,2706.16
10/12/2007,2718.95
11/12/2007,2652.35
12/12/2007,2671.14
13/12/2007,2668.49
14/12/2007,2635.74
17/12/2007,2574.46
18/12/2007,2596.03
19/12/2007,2601.01
20/12/2007,2640.86
21/12/2007,2691.99
24/12/2007,2713.5
26/12/2007,2724.41
27/12/2007,2676.79
28/12/2007,2674.46
31/12/2007,2652.28
02/01/2008,2609.63
03/01/2008,2602.68
04/01/2008,2504.65
07/01/2008,2499.46
08/01/2008,2440.51
09/01/2008,2474.55
10/01/2008,2488.52
11/01/2008,2439.94
14/01/2008,2478.3
15/01/2008,2417.59
16/01/2008,2394.59
17/01/2008,2346.9
18/01/2008,2340.02
22/01/2008,2292.27
23/01/2008,2316.41
24/01/2008,2360.92
25/01/2008,2326.2
28/01/2008,2349.91
29/01/2008,2358.06
30/01/2008,2349
31/01/2008,2389.86
01/02/2008,2413.36
04/02/2008,2382.85
05/02/2008,2309.57
06/02/2008,2278.75
07/02/2008,2293.03
08/02/2008,2304.85
11/02/2008,2320.06
12/02/2008,2320.04
13/02/2008,2373.93
14/02/2008,2332.54
15/02/2008,2321.8
19/02/2008,2306.2
20/02/2008,2327.1
21/02/2008,2299.78
22/02/2008,2303.35
25/02/2008,2327.48
26/02/2008,2344.99
27/02/2008,2353.78
28/02/2008,2331.57
29/02/2008,2271.48
03/03/2008,2258.6
04/03/2008,2260.28
05/03/2008,2272.81
06/03/2008,2220.5
07/03/2008,2212.49
10/03/2008,2169.34
11/03/2008,2255.76
12/03/2008,2243.87
13/03/2008,2263.61
14/03/2008,2212.49
17/03/2008,2177.01
18/03/2008,2268.26
19/03/2008,2209.96
20/03/2008,2258.11
24/03/2008,2326.75
25/03/2008,2341.05
26/03/2008,2324.36
27/03/2008,2280.83
28/03/2008,2261.18
31/03/2008,2279.1
01/04/2008,2362.75
02/04/2008,2361.4
03/04/2008,2363.3
04/04/2008,2370.98
07/04/2008,2364.83
08/04/2008,2348.76
09/04/2008,2322.12
10/04/2008,2351.7
11/04/2008,2290.24
14/04/2008,2275.82
15/04/2008,2286.04
16/04/2008,2350.11
17/04/2008,2341.83
18/04/2008,2402.97
21/04/2008,2408.04
22/04/2008,2376.94
23/04/2008,2405.21
24/04/2008,2428.92
25/04/2008,2422.93
28/04/2008,2424.4
29/04/2008,2426.1
30/04/2008,2412.8
01/05/2008,2480.71
02/05/2008,2476.99
05/05/2008,2464.12
06/05/2008,2483.31
07/05/2008,2438.49
08/05/2008,2451.24
09/05/2008,2445.52
12/05/2008,2488.49
13/05/2008,2495.12
14/05/2008,2496.7
15/05/2008,2533.73
16/05/2008,2528.85
19/05/2008,2516.09
20/05/2008,2492.26
21/05/2008,2448.27
22/05/2008,2464.58
23/05/2008,2444.67
27/05/2008,2481.24
28/05/2008,2486.7
29/05/2008,2508.32
30/05/2008,2522.66
02/06/2008,2491.53
03/06/2008,2480.48
04/06/2008,2503.14
05/06/2008,2549.94
06/06/2008,2474.56
09/06/2008,2459.46
10/06/2008,2448.94
11/06/2008,2394.01
12/06/2008,2404.35
13/06/2008,2454.5
16/06/2008,2474.78
17/06/2008,2457.73
18/06/2008,2429.71
19/06/2008,2462.06
20/06/2008,2406.09
23/06/2008,2385.74
24/06/2008,2368.28
25/06/2008,2401.26
26/06/2008,2321.37
27/06/2008,2315.63
30/06/2008,2292.98
01/07/2008,2304.97
02/07/2008,2251.46
03/07/2008,2245.38
07/07/2008,2243.32
08/07/2008,2294.44
09/07/2008,2234.89
10/07/2008,2257.85
11/07/2008,2239.08
14/07/2008,2212.87
15/07/2008,2215.71
16/07/2008,2284.85
17/07/2008,2312.3
18/07/2008,2282.78
21/07/2008,2279.53
22/07/2008,2303.96
23/07/2008,2325.88
24/07/2008,2280.11
25/07/2008,2310.53
28/07/2008,2264.22
29/07/2008,2319.62
30/07/2008,2329.72
31/07/2008,2325.55
01/08/2008,2310.96
04/08/2008,2285.56
05/08/2008,2349.83
06/08/2008,2378.37
07/08/2008,2355.73
08/08/2008,2414.1
11/08/2008,2439.95
12/08/2008,2430.61
13/08/2008,2428.62
14/08/2008,2453.67
15/08/2008,2452.52
18/08/2008,2416.98
19/08/2008,2384.36
20/08/2008,2389.08
21/08/2008,2380.38
22/08/2008,2414.71
25/08/2008,2365.59
26/08/2008,2361.97
27/08/2008,2382.46
28/08/2008,2411.64
29/08/2008,2367.52
02/09/2008,2349.24
03/09/2008,2333.73
04/09/2008,2259.04
05/09/2008,2255.88
08/09/2008,2269.76
09/09/2008,2209.81
10/09/2008,2228.7
11/09/2008,2258.22
12/09/2008,2261.27
15/09/2008,2179.91
16/09/2008,2207.9
17/09/2008,2098.85
18/09/2008,2199.1
19/09/2008,2273.9
22/09/2008,2178.98
23/09/2008,2153.33
24/09/2008,2155.68
25/09/2008,2186.57
26/09/2008,2183.34
29/09/2008,1983.73
30/09/2008,2091.88
01/10/2008,2069.4
02/10/2008,1976.72
03/10/2008,1947.39
06/10/2008,1862.96
07/10/2008,1754.88
08/10/2008,1740.33
09/10/2008,1645.12
10/10/2008,1649.51
13/10/2008,1844.25
14/10/2008,1779.01
15/10/2008,1628.33
16/10/2008,1717.71
17/10/2008,1711.29
20/10/2008,1770.03
21/10/2008,1696.68
22/10/2008,1615.75
23/10/2008,1603.91
24/10/2008,1552.03
27/10/2008,1505.9
28/10/2008,1649.47
29/10/2008,1657.21
30/10/2008,1698.52
31/10/2008,1720.95
03/11/2008,1726.33
04/11/2008,1780.12
05/11/2008,1681.64
06/11/2008,1608.7
07/11/2008,1647.4
10/11/2008,1616.74
11/11/2008,1580.9
12/11/2008,1499.21
13/11/2008,1596.7
14/11/2008,1516.85
17/11/2008,1482.05
18/11/2008,1483.27
19/11/2008,1386.42
20/11/2008,1316.12
21/11/2008,1384.35
24/11/2008,1472.02
25/11/2008,1464.73
26/11/2008,1532.1
28/11/2008,1535.57
01/12/2008,1398.07
02/12/2008,1449.8
03/12/2008,1492.38
04/12/2008,1445.56
05/12/2008,1509.31
08/12/2008,1571.74
09/12/2008,1547.34
10/12/2008,1565.48
11/12/2008,1507.88
12/12/2008,1540.72
15/12/2008,1508.34
16/12/2008,1589.89
17/12/2008,1579.31
18/12/2008,1552.37
19/12/2008,1564.32
22/12/2008,1532.35
23/12/2008,1521.54
24/12/2008,1524.9
26/12/2008,1530.24
29/12/2008,1510.32
30/12/2008,1550.7
31/12/2008,1577.03
02/01/2009,1632.21
05/01/2009,1628.03
06/01/2009,1652.38
07/01/2009,1599.06
08/01/2009,1617.01
09/01/2009,1571.59
12/01/2009,1538.79
13/01/2009,1546.46
14/01/2009,1489.64
15/01/2009,1511.84
16/01/2009,1529.33
20/01/2009,1440.86
21/01/2009,1507.07
22/01/2009,1465.49
23/01/2009,1477.29
26/01/2009,1489.46
27/01/2009,1504.9
28/01/2009,1558.34
29/01/2009,1507.84
30/01/2009,1476.42
02/02/2009,1494.43
03/02/2009,1516.3
04/02/2009,1515.05
05/02/2009,1546.24
06/02/2009,1591.71
09/02/2009,1591.56
10/02/2009,1524.73
11/02/2009,1530.5
12/02/2009,1541.71
13/02/2009,1534.36
17/02/2009,1470.66
18/02/2009,1467.97
19/02/2009,1442.82
20/02/2009,1441.23
23/02/2009,1387.72
24/02/2009,1441.83
25/02/2009,1425.43
26/02/2009,1391.47
27/02/2009,1377.84
02/03/2009,1322.85
03/03/2009,1321.01
04/03/2009,1353.74
05/03/2009,1299.59
06/03/2009,1293.85
09/03/2009,1268.64
10/03/2009,1358.28
11/03/2009,1371.64
12/03/2009,1426.1
13/03/2009,1431.5
16/03/2009,1404.02
17/03/2009,1462.11
18/03/2009,1491.22
19/03/2009,1483.48
20/03/2009,1457.27
23/03/2009,1555.77
24/03/2009,1516.52
25/03/2009,1528.95
26/03/2009,1587
27/03/2009,1545.2
30/03/2009,1501.8
31/03/2009,1528.59
01/04/2009,1551.6
02/04/2009,1602.63
03/04/2009,1621.87
06/04/2009,1606.71
07/04/2009,1561.61
08/04/2009,1590.66
09/04/2009,1652.54
13/04/2009,1653.31
14/04/2009,1625.72
15/04/2009,1626.8
16/04/2009,1670.44
17/04/2009,1673.07
20/04/2009,1608.21
21/04/2009,1643.85
22/04/2009,1646.12
23/04/2009,1652.21
24/04/2009,1694.29
27/04/2009,1679.41
28/04/2009,1673.81
29/04/2009,1711.94
30/04/2009,1717.3
01/05/2009,1719.2
04/05/2009,1763.56
05/05/2009,1754.12
06/05/2009,1759.1
07/05/2009,1716.24
08/05/2009,1739
11/05/2009,1731.24
12/05/2009,1715.92
13/05/2009,1664.19
14/05/2009,1689.21
15/05/2009,1680.14
18/05/2009,1732.36
19/05/2009,1734.54
20/05/2009,1727.84
21/05/2009,1695.25
22/05/2009,1692.01
26/05/2009,1750.43
27/05/2009,1731.08
28/05/2009,1751.79
29/05/2009,1774.33
01/06/2009,1828.68
02/06/2009,1836.8
03/06/2009,1825.92
04/06/2009,1850.02
05/06/2009,1849.42
08/06/2009,1842.4
09/06/2009,1860.13
10/06/2009,1853.08
11/06/2009,1862.37
12/06/2009,1858.8
15/06/2009,1816.38
16/06/2009,1796.18
17/06/2009,1808.06
18/06/2009,1807.72
19/06/2009,1827.47
22/06/2009,1766.19
23/06/2009,1764.92
24/06/2009,1792.34
25/06/2009,1829.54
26/06/2009,1838.22
29/06/2009,1844.06
30/06/2009,1835.04
01/07/2009,1845.72
02/07/2009,1796.52
06/07/2009,1787.4
07/07/2009,1746.17
08/07/2009,1747.17
09/07/2009,1752.55
10/07/2009,1756.03
13/07/2009,1793.21
14/07/2009,1799.73
15/07/2009,1862.9
16/07/2009,1885.03
17/07/2009,1886.61
20/07/2009,1909.29
21/07/2009,1916.2
22/07/2009,1926.38
23/07/2009,1973.6
24/07/2009,1965.96
27/07/2009,1967.89
28/07/2009,1975.51
29/07/2009,1967.76
30/07/2009,1984.3
31/07/2009,1978.5
03/08/2009,2008.61
04/08/2009,2011.31
05/08/2009,1993.05
06/08/2009,1973.16
07/08/2009,2000.25
10/08/2009,1992.24
11/08/2009,1969.73
12/08/2009,1998.72
13/08/2009,2009.35
14/08/2009,1985.52
17/08/2009,1930.84
18/08/2009,1955.92
19/08/2009,1969.24
20/08/2009,1989.22
21/08/2009,2020.9
24/08/2009,2017.98
25/08/2009,2024.23
26/08/2009,2024.43
27/08/2009,2027.73
28/08/2009,2028.77
31/08/2009,2009.06
01/09/2009,1968.89
02/09/2009,1967.07
03/09/2009,1983.2
04/09/2009,2018.78
08/09/2009,2037.77
09/09/2009,2060.39
10/09/2009,2084.02
11/09/2009,2080.9
14/09/2009,2091.78
15/09/2009,2102.64
16/09/2009,2133.15
17/09/2009,2126.75
18/09/2009,2132.86
21/09/2009,2138.04
22/09/2009,2146.3
23/09/2009,2131.42
24/09/2009,2107.61
25/09/2009,2090.92
28/09/2009,2130.74
29/09/2009,2124.04
30/09/2009,2122.42
01/10/2009,2057.48
02/10/2009,2048.11
05/10/2009,2068.15
06/10/2009,2103.57
07/10/2009,2110.33
08/10/2009,2123.93
09/10/2009,2139.28
12/10/2009,2139.14
13/10/2009,2139.89
14/10/2009,2172.23
15/10/2009,2173.29
16/10/2009,2156.8
19/10/2009,2176.32
20/10/2009,2163.47
21/10/2009,2150.73
22/10/2009,2165.29
23/10/2009,2154.47
26/10/2009,2141.85
27/10/2009,2116.09
28/10/2009,2059.61
29/10/2009,2097.55
30/10/2009,2045.11
02/11/2009,2049.2
03/11/2009,2057.32
04/11/2009,2055.52
05/11/2009,2105.32
06/11/2009,2112.44
09/11/2009,2154.06
10/11/2009,2151.08
11/11/2009,2166.9
12/11/2009,2149.02
13/11/2009,2167.88
16/11/2009,2197.85
17/11/2009,2203.78
18/11/2009,2193.14
19/11/2009,2156.82
20/11/2009,2146.04
23/11/2009,2176.01
24/11/2009,2169.18
25/11/2009,2176.05
27/11/2009,2138.44
30/11/2009,2144.6
01/12/2009,2175.81
02/12/2009,2185.03
03/12/2009,2173.14
04/12/2009,2194.35
07/12/2009,2189.61
08/12/2009,2172.99
09/12/2009,2183.73
10/12/2009,2190.86
11/12/2009,2190.31
14/12/2009,2212.1
15/12/2009,2201.05
16/12/2009,2206.91
17/12/2009,2180.05
18/12/2009,2211.69
21/12/2009,2237.66
22/12/2009,2252.67
23/12/2009,2269.64
24/12/2009,2285.69
28/12/2009,2291.08
29/12/2009,2288.4
30/12/2009,2291.28
31/12/2009,2269.15
04/01/2010,2308.42
05/01/2010,2308.71
06/01/2010,2301.09
07/01/2010,2300.05
08/01/2010,2317.17
11/01/2010,2312.41
12/01/2010,2282.31
13/01/2010,2307.9
14/01/2010,2316.74
15/01/2010,2287.99
19/01/2010,2320.4
20/01/2010,2291.25
21/01/2010,2265.7
22/01/2010,2205.29
25/01/2010,2210.8
26/01/2010,2203.73
27/01/2010,2221.41
28/01/2010,2179
29/01/2010,2147.35
01/02/2010,2171.2
02/02/2010,2190.06
03/02/2010,2190.91
04/02/2010,2125.43
05/02/2010,2141.12
08/02/2010,2126.05
09/02/2010,2150.87
10/02/2010,2147.87
11/02/2010,2177.41
12/02/2010,2183.53
16/02/2010,2214.19
17/02/2010,2226.29
18/02/2010,2241.71
19/02/2010,2243.87
22/02/2010,2242.03
23/02/2010,2213.44
24/02/2010,2235.9
25/02/2010,2234.22
26/02/2010,2238.26
01/03/2010,2273.57
02/03/2010,2280.79
03/03/2010,2280.68
04/03/2010,2292.31
05/03/2010,2326.35
08/03/2010,2332.21
09/03/2010,2340.68
10/03/2010,2358.95
11/03/2010,2368.46
12/03/2010,2367.66
15/03/2010,2362.21
16/03/2010,2378.01
17/03/2010,2389.09
18/03/2010,2391.28
19/03/2010,2374.41
22/03/2010,2395.4
23/03/2010,2415.24
24/03/2010,2398.76
25/03/2010,2397.41
26/03/2010,2395.13
29/03/2010,2404.36
30/03/2010,2410.69
31/03/2010,2397.96
01/04/2010,2402.58
05/04/2010,2429.53
06/04/2010,2436.81
07/04/2010,2431.16
08/04/2010,2436.81
09/04/2010,2454.05
12/04/2010,2457.87
13/04/2010,2465.99
14/04/2010,2504.86
15/04/2010,2515.69
16/04/2010,2481.26
19/04/2010,2480.11
20/04/2010,2500.31
21/04/2010,2504.61
22/04/2010,2519.07
23/04/2010,2530.15
26/04/2010,2522.95
27/04/2010,2471.47
28/04/2010,2471.73
29/04/2010,2511.92
30/04/2010,2461.19
03/05/2010,2498.74
04/05/2010,2424.25
05/05/2010,2402.29
06/05/2010,2319.64
07/05/2010,2265.64
10/05/2010,2374.67
11/05/2010,2375.31
12/05/2010,2425.02
13/05/2010,2394.36
14/05/2010,2346.85
17/05/2010,2354.23
18/05/2010,2317.26
19/05/2010,2298.37
20/05/2010,2204.01
21/05/2010,2229.04
24/05/2010,2213.55
25/05/2010,2210.95
26/05/2010,2195.88
27/05/2010,2277.68
28/05/2010,2257.04
01/06/2010,2222.33
02/06/2010,2281.07
03/06/2010,2303.03
04/06/2010,2219.17
07/06/2010,2173.9
08/06/2010,2170.57
09/06/2010,2158.85
10/06/2010,2218.71
11/06/2010,2243.6
14/06/2010,2243.96
15/06/2010,2305.88
16/06/2010,2305.93
17/06/2010,2307.16
18/06/2010,2309.8
21/06/2010,2289.09
22/06/2010,2261.8
23/06/2010,2254.23
24/06/2010,2217.42
25/06/2010,2223.48
28/06/2010,2220.65
29/06/2010,2135.18
30/06/2010,2109.24
01/07/2010,2101.36
02/07/2010,2091.79
06/07/2010,2093.88
07/07/2010,2159.47
08/07/2010,2175.4
09/07/2010,2196.45
12/07/2010,2198.36
13/07/2010,2242.03
14/07/2010,2249.84
15/07/2010,2249.08
16/07/2010,2179.05
19/07/2010,2198.23
20/07/2010,2222.49
21/07/2010,2187.33
22/07/2010,2245.89
23/07/2010,2269.47
26/07/2010,2296.43
27/07/2010,2288.25
28/07/2010,2264.56
29/07/2010,2251.69
30/07/2010,2254.7
02/08/2010,2295.36
03/08/2010,2283.52
04/08/2010,2303.57
05/08/2010,2293.06
06/08/2010,2288.47
09/08/2010,2305.69
10/08/2010,2277.17
11/08/2010,2208.63
12/08/2010,2190.27
13/08/2010,2173.48
16/08/2010,2181.87
17/08/2010,2209.44
18/08/2010,2215.7
19/08/2010,2178.95
20/08/2010,2179.76
23/08/2010,2159.63
24/08/2010,2123.76
25/08/2010,2141.54
26/08/2010,2118.69
27/08/2010,2153.63
30/08/2010,2119.97
31/08/2010,2114.03
01/09/2010,2176.84
02/09/2010,2200.01
03/09/2010,2233.75
07/09/2010,2208.89
08/09/2010,2228.87
09/09/2010,2236.2
10/09/2010,2242.48
13/09/2010,2285.71
14/09/2010,2289.77
15/09/2010,2301.32
16/09/2010,2303.25
17/09/2010,2315.61
20/09/2010,2355.83
21/09/2010,2349.35
22/09/2010,2334.55
23/09/2010,2327.08
24/09/2010,2381.22
27/09/2010,2369.77
28/09/2010,2379.59
29/09/2010,2376.56
30/09/2010,2368.62
01/10/2010,2370.75
04/10/2010,2344.52
05/10/2010,2399.83
06/10/2010,2380.66
07/10/2010,2383.67
08/10/2010,2401.91
11/10/2010,2402.33
12/10/2010,2417.92
13/10/2010,2441.23
14/10/2010,2435.38
15/10/2010,2468.77
18/10/2010,2480.66
19/10/2010,2436.95
20/10/2010,2457.39
21/10/2010,2459.67
22/10/2010,2479.39
25/10/2010,2490.85
26/10/2010,2497.29
27/10/2010,2503.26
28/10/2010,2507.37
29/10/2010,2507.41
01/11/2010,2504.84
02/11/2010,2533.52
03/11/2010,2540.27
04/11/2010,2577.34
05/11/2010,2578.98
08/11/2010,2580.05
09/11/2010,2562.98
10/11/2010,2578.78
11/11/2010,2555.52
12/11/2010,2518.21
15/11/2010,2513.82
16/11/2010,2469.84
17/11/2010,2476.01
18/11/2010,2514.4
19/11/2010,2518.12
22/11/2010,2532.02
23/11/2010,2494.95
24/11/2010,2543.12
26/11/2010,2534.56
29/11/2010,2525.22
30/11/2010,2498.23
01/12/2010,2549.43
02/12/2010,2579.35
03/12/2010,2591.46
06/12/2010,2594.92
07/12/2010,2598.49
08/12/2010,2609.16
09/12/2010,2616.67
10/12/2010,2637.54
13/12/2010,2624.91
14/12/2010,2627.72
15/12/2010,2617.22
16/12/2010,2637.31
17/12/2010,2642.97
20/12/2010,2649.56
21/12/2010,2667.61
22/12/2010,2671.48
23/12/2010,2665.6
27/12/2010,2667.27
28/12/2010,2662.88
29/12/2010,2666.93
30/12/2010,2662.98
31/12/2010,2652.87
03/01/2011,2691.52
04/01/2011,2681.25
05/01/2011,2702.2
06/01/2011,2709.89
07/01/2011,2703.17
10/01/2011,2707.8
11/01/2011,2716.83
12/01/2011,2737.33
13/01/2011,2735.29
14/01/2011,2755.3
18/01/2011,2765.85
19/01/2011,2725.36
20/01/2011,2704.29
21/01/2011,2689.54
24/01/2011,2717.55
25/01/2011,2719.25
26/01/2011,2739.5
27/01/2011,2755.28
28/01/2011,2686.89
31/01/2011,2700.08
01/02/2011,2751.19
02/02/2011,2749.56
03/02/2011,2753.88
04/02/2011,2769.3
07/02/2011,2783.99
08/02/2011,2797.05
09/02/2011,2789.07
10/02/2011,2790.45
11/02/2011,2809.44
14/02/2011,2817.18
15/02/2011,2804.35
16/02/2011,2825.56
17/02/2011,2831.58
18/02/2011,2833.95
22/02/2011,2756.42
23/02/2011,2722.99
24/02/2011,2737.9
25/02/2011,2781.05
28/02/2011,2782.27
01/03/2011,2737.41
02/03/2011,2748.07
03/03/2011,2798.74
04/03/2011,2784.67
07/03/2011,2745.63
08/03/2011,2765.77
09/03/2011,2751.72
10/03/2011,2701.02
11/03/2011,2715.61
14/03/2011,2700.97
15/03/2011,2667.33
16/03/2011,2616.82
17/03/2011,2636.05
18/03/2011,2643.67
21/03/2011,2692.09
22/03/2011,2683.87
23/03/2011,2698.3
24/03/2011,2736.42
25/03/2011,2743.06
28/03/2011,2730.68
29/03/2011,2756.89
30/03/2011,2776.79
31/03/2011,2781.07
01/04/2011,2789.6
04/04/2011,2789.19
05/04/2011,2791.19
06/04/2011,2799.82
07/04/2011,2796.14
08/04/2011,2780.42
11/04/2011,2771.51
12/04/2011,2744.79
13/04/2011,2761.52
14/04/2011,2760.22
15/04/2011,2764.65
18/04/2011,2735.38
19/04/2011,2744.97
20/04/2011,2802.51
21/04/2011,2820.16
25/04/2011,2825.88
26/04/2011,2847.54
27/04/2011,2869.88
28/04/2011,2872.53
29/04/2011,2873.54
02/05/2011,2864.08
03/05/2011,2841.62
04/05/2011,2828.23
05/05/2011,2814.72
06/05/2011,2827.56
09/05/2011,2843.25
10/05/2011,2871.89
11/05/2011,2845.06
12/05/2011,2863.04
13/05/2011,2828.47
16/05/2011,2782.31
17/05/2011,2783.21
18/05/2011,2815
19/05/2011,2823.31
20/05/2011,2803.32
23/05/2011,2758.9
24/05/2011,2746.16
25/05/2011,2761.38
26/05/2011,2782.92
27/05/2011,2796.86
31/05/2011,2835.3
01/06/2011,2769.19
02/06/2011,2773.31
03/06/2011,2732.78
06/06/2011,2702.56
07/06/2011,2701.56
08/06/2011,2675.38
09/06/2011,2684.87
10/06/2011,2643.73
13/06/2011,2639.69
14/06/2011,2678.72
15/06/2011,2631.46
16/06/2011,2623.7
17/06/2011,2616.48
20/06/2011,2629.66
21/06/2011,2687.26
22/06/2011,2669.19
23/06/2011,2686.75
24/06/2011,2652.89
27/06/2011,2688.28
28/06/2011,2729.31
29/06/2011,2740.49
30/06/2011,2773.52
01/07/2011,2816.03
05/07/2011,2825.77
06/07/2011,2834.02
07/07/2011,2872.66
08/07/2011,2859.81
11/07/2011,2802.62
12/07/2011,2781.91
13/07/2011,2796.92
14/07/2011,2762.67
15/07/2011,2789.8
18/07/2011,2765.11
19/07/2011,2826.52
20/07/2011,2814.23
21/07/2011,2834.43
22/07/2011,2858.83
25/07/2011,2842.8
26/07/2011,2839.96
27/07/2011,2764.79
28/07/2011,2766.25
29/07/2011,2756.38
01/08/2011,2744.61
02/08/2011,2669.24
03/08/2011,2693.07
04/08/2011,2556.39
05/08/2011,2532.41
08/08/2011,2357.69
09/08/2011,2482.52
10/08/2011,2381.05
11/08/2011,2492.68
12/08/2011,2507.98
15/08/2011,2555.2
16/08/2011,2523.45
17/08/2011,2511.48
18/08/2011,2380.43
19/08/2011,2341.84
22/08/2011,2345.38
23/08/2011,2446.06
24/08/2011,2467.69
25/08/2011,2419.63
26/08/2011,2479.85
29/08/2011,2562.11
30/08/2011,2576.11
31/08/2011,2579.46
01/09/2011,2546.04
02/09/2011,2480.33
06/09/2011,2473.83
07/09/2011,2548.94
08/09/2011,2529.14
09/09/2011,2467.99
12/09/2011,2495.09
13/09/2011,2532.15
14/09/2011,2572.55
15/09/2011,2607.07
16/09/2011,2622.31
19/09/2011,2612.83
20/09/2011,2590.24
21/09/2011,2538.19
22/09/2011,2455.67
23/09/2011,2483.23
26/09/2011,2516.69
27/09/2011,2546.83
28/09/2011,2491.58
29/09/2011,2480.76
30/09/2011,2415.4
03/10/2011,2335.83
04/10/2011,2404.82
05/10/2011,2460.51
06/10/2011,2506.82
07/10/2011,2479.35
10/10/2011,2566.05
11/10/2011,2583.03
12/10/2011,2604.73
13/10/2011,2620.24
14/10/2011,2667.85
17/10/2011,2614.92
18/10/2011,2657.43
19/10/2011,2604.04
20/10/2011,2598.62
21/10/2011,2637.46
24/10/2011,2699.44
25/10/2011,2638.42
26/10/2011,2650.67
27/10/2011,2738.63
28/10/2011,2737.15
31/10/2011,2684.41
01/11/2011,2606.96
02/11/2011,2639.98
03/11/2011,2697.97
04/11/2011,2686.15
07/11/2011,2695.25
08/11/2011,2727.49
09/11/2011,2621.65
10/11/2011,2625.15
11/11/2011,2678.75
14/11/2011,2657.22
15/11/2011,2686.2
16/11/2011,2639.61
17/11/2011,2587.99
18/11/2011,2572.5
21/11/2011,2523.14
22/11/2011,2521.28
23/11/2011,2460.08
25/11/2011,2441.51
28/11/2011,2527.34
29/11/2011,2515.51
30/11/2011,2620.34
01/12/2011,2626.2
02/12/2011,2626.93
05/12/2011,2655.76
06/12/2011,2649.56
07/12/2011,2649.21
08/12/2011,2596.38
09/12/2011,2646.85
12/12/2011,2612.26
13/12/2011,2579.27
14/12/2011,2539.31
15/12/2011,2541.01
16/12/2011,2555.33
19/12/2011,2523.14
20/12/2011,2603.73
21/12/2011,2577.97
22/12/2011,2599.45
23/12/2011,2618.64
27/12/2011,2625.2
28/12/2011,2589.98
29/12/2011,2613.74
30/12/2011,2605.15
03/01/2012,2648.72
04/01/2012,2648.36
05/01/2012,2669.86
06/01/2012,2674.22
09/01/2012,2676.56
10/01/2012,2702.5
11/01/2012,2710.76
12/01/2012,2724.7
13/01/2012,2710.67
17/01/2012,2728.08
18/01/2012,2769.71
19/01/2012,2788.33
20/01/2012,2786.7
23/01/2012,2784.17
24/01/2012,2786.64
25/01/2012,2818.31
26/01/2012,2805.28
27/01/2012,2816.55
30/01/2012,2811.94
31/01/2012,2813.84
01/02/2012,2848.27
02/02/2012,2859.68
03/02/2012,2905.66
06/02/2012,2901.99
07/02/2012,2904.08
08/02/2012,2915.86
09/02/2012,2927.23
10/02/2012,2903.88
13/02/2012,2931.39
14/02/2012,2931.83
15/02/2012,2915.83
16/02/2012,2959.85
17/02/2012,2951.78
21/02/2012,2948.57
22/02/2012,2933.17
23/02/2012,2956.98
24/02/2012,2963.75
27/02/2012,2966.16
28/02/2012,2986.76
29/02/2012,2966.89
01/03/2012,2988.97
02/03/2012,2976.19
05/03/2012,2950.48
06/03/2012,2910.32
07/03/2012,2935.69
08/03/2012,2970.42
09/03/2012,2988.34
12/03/2012,2983.66
13/03/2012,3039.88
14/03/2012,3040.73
15/03/2012,3056.37
16/03/2012,3055.26
19/03/2012,3078.32
20/03/2012,3074.15
21/03/2012,3075.32
22/03/2012,3063.32
23/03/2012,3067.92
26/03/2012,3122.57
27/03/2012,3120.35
28/03/2012,3104.96
29/03/2012,3095.36
30/03/2012,3091.57
02/04/2012,3119.7
03/04/2012,3113.57
04/04/2012,3068.09
05/04/2012,3080.5
09/04/2012,3047.08
10/04/2012,2991.22
11/04/2012,3016.46
12/04/2012,3055.55
13/04/2012,3011.33
16/04/2012,2988.4
17/04/2012,3042.82
18/04/2012,3031.45
19/04/2012,3007.56
20/04/2012,3000.45
23/04/2012,2970.45
24/04/2012,2961.6
25/04/2012,3029.63
26/04/2012,3050.61
27/04/2012,3069.2
30/04/2012,3046.36
01/05/2012,3050.44
02/05/2012,3059.85
03/05/2012,3024.3
04/05/2012,2956.34
07/05/2012,2957.76
08/05/2012,2946.27
09/05/2012,2934.71
10/05/2012,2933.64
11/05/2012,2933.82
14/05/2012,2902.58
15/05/2012,2893.76
16/05/2012,2874.04
17/05/2012,2813.69
18/05/2012,2778.79
21/05/2012,2847.21
22/05/2012,2839.08
23/05/2012,2850.12
24/05/2012,2839.38
25/05/2012,2837.53
29/05/2012,2870.99
30/05/2012,2837.36
31/05/2012,2827.34
01/06/2012,2747.48
04/06/2012,2760.01
05/06/2012,2778.11
06/06/2012,2844.72
07/06/2012,2831.02
08/06/2012,2858.42
11/06/2012,2809.73
12/06/2012,2843.07
13/06/2012,2818.61
14/06/2012,2836.33
15/06/2012,2872.8
18/06/2012,2895.33
19/06/2012,2929.76
20/06/2012,2930.45
21/06/2012,2859.09
22/06/2012,2892.42
25/06/2012,2836.16
26/06/2012,2854.06
27/06/2012,2875.32
28/06/2012,2849.49
29/06/2012,2935.05
02/07/2012,2951.23
03/07/2012,2976.08
05/07/2012,2976.12
06/07/2012,2937.33
09/07/2012,2931.77
10/07/2012,2902.33
11/07/2012,2887.98
12/07/2012,2866.19
13/07/2012,2908.47
16/07/2012,2896.94
17/07/2012,2910.04
18/07/2012,2942.6
19/07/2012,2965.9
20/07/2012,2925.3
23/07/2012,2890.15
24/07/2012,2862.99
25/07/2012,2854.24
26/07/2012,2893.25
27/07/2012,2958.09
30/07/2012,2945.84
31/07/2012,2939.52
01/08/2012,2920.21
02/08/2012,2909.77
03/08/2012,2967.9
06/08/2012,2989.91
07/08/2012,3015.86
08/08/2012,3011.25
09/08/2012,3018.64
10/08/2012,3020.86
13/08/2012,3022.52
14/08/2012,3016.98
15/08/2012,3030.93
16/08/2012,3062.39
17/08/2012,3076.59
20/08/2012,3076.21
21/08/2012,3067.26
22/08/2012,3073.67
23/08/2012,3053.4
24/08/2012,3069.79
27/08/2012,3073.19
28/08/2012,3077.14
29/08/2012,3081.19
30/08/2012,3048.71
31/08/2012,3066.96
04/09/2012,3075.06
05/09/2012,3069.27
06/09/2012,3135.81
07/09/2012,3136.42
10/09/2012,3104.02
11/09/2012,3104.53
12/09/2012,3114.31
13/09/2012,3155.83
14/09/2012,3183.95
17/09/2012,3178.67
18/09/2012,3177.8
19/09/2012,3182.62
20/09/2012,3175.96
21/09/2012,3179.96
24/09/2012,3160.78
25/09/2012,3117.73
26/09/2012,3093.7
27/09/2012,3136.6
28/09/2012,3116.23
01/10/2012,3113.53
02/10/2012,3120.04
03/10/2012,3135.23
04/10/2012,3149.46
05/10/2012,3136.19
08/10/2012,3112.35
09/10/2012,3065.02
10/10/2012,3051.78
11/10/2012,3049.41
12/10/2012,3044.11
15/10/2012,3064.18
16/10/2012,3101.17
17/10/2012,3104.12
18/10/2012,3072.87
19/10/2012,3005.62
22/10/2012,3016.96
23/10/2012,2990.46
24/10/2012,2981.7
25/10/2012,2986.12
26/10/2012,2987.95
29/10/2012,2987.95
30/10/2012,2987.95
31/10/2012,2977.23
01/11/2012,3020.06
02/11/2012,2982.13
05/11/2012,2999.66
06/11/2012,3011.93
07/11/2012,2937.29
08/11/2012,2895.58
09/11/2012,2904.87
12/11/2012,2904.25
13/11/2012,2883.89
14/11/2012,2846.81
15/11/2012,2836.94
16/11/2012,2853.13
19/11/2012,2916.07
20/11/2012,2916.68
21/11/2012,2926.55
23/11/2012,2966.85
26/11/2012,2976.78
27/11/2012,2967.79
28/11/2012,2991.78
29/11/2012,3012.03
30/11/2012,3010.24
03/12/2012,3002.2
04/12/2012,2996.69
05/12/2012,2973.7
06/12/2012,2989.27
07/12/2012,2978.04
10/12/2012,2986.96
11/12/2012,3022.3
12/12/2012,3013.81
13/12/2012,2992.16
14/12/2012,2971.33
17/12/2012,3010.6
18/12/2012,3054.53
19/12/2012,3044.36
20/12/2012,3050.39
21/12/2012,3021.01
24/12/2012,3012.6
26/12/2012,2990.16
27/12/2012,2985.91
28/12/2012,2960.31
31/12/2012,3019.51
02/01/2013,3112.26
03/01/2013,3100.57
04/01/2013,3101.66
07/01/2013,3098.81
08/01/2013,3091.81
09/01/2013,3105.81
10/01/2013,3121.76
11/01/2013,3125.63
14/01/2013,3117.5
15/01/2013,3110.78
16/01/2013,3117.54
17/01/2013,3136
18/01/2013,3134.71
22/01/2013,3143.18
23/01/2013,3153.67
24/01/2013,3130.38
25/01/2013,3149.71
28/01/2013,3154.3
29/01/2013,3153.66
30/01/2013,3142.31
31/01/2013,3142.13
01/02/2013,3179.1
04/02/2013,3131.17
05/02/2013,3171.58
06/02/2013,3168.48
07/02/2013,3165.13
08/02/2013,3193.87
11/02/2013,3192
12/02/2013,3186.49
13/02/2013,3196.88
14/02/2013,3198.66
15/02/2013,3192.03
19/02/2013,3213.59
20/02/2013,3164.41
21/02/2013,3131.49
22/02/2013,3161.82
25/02/2013,3116.25
26/02/2013,3129.65
27/02/2013,3162.26
28/02/2013,3160.19
01/03/2013,3169.74
04/03/2013,3182.03
05/03/2013,3224.13
06/03/2013,3222.37
07/03/2013,3232.09
08/03/2013,3244.37
11/03/2013,3252.87
12/03/2013,3242.32
13/03/2013,3245.12
14/03/2013,3258.93
15/03/2013,3249.07
18/03/2013,3237.59
19/03/2013,3229.1
20/03/2013,3254.19
21/03/2013,3222.6
22/03/2013,3245
25/03/2013,3235.3
26/03/2013,3252.48
27/03/2013,3256.52
28/03/2013,3267.52
01/04/2013,3239.17
02/04/2013,3254.86
03/04/2013,3218.6
04/04/2013,3224.98
05/04/2013,3203.86
08/04/2013,3222.25
09/04/2013,3237.86
10/04/2013,3297.25
11/04/2013,3300.16
12/04/2013,3294.95
15/04/2013,3216.49
16/04/2013,3264.63
17/04/2013,3204.67
18/04/2013,3166.36
19/04/2013,3206.06
22/04/2013,3233.55
23/04/2013,3269.33
24/04/2013,3269.65
25/04/2013,3289.99
26/04/2013,3279.26
29/04/2013,3307.02
30/04/2013,3328.79
01/05/2013,3299.13
02/05/2013,3340.62
03/05/2013,3378.63
06/05/2013,3392.97
07/05/2013,3396.63
08/05/2013,3413.27
09/05/2013,3409.17
10/05/2013,3436.58
13/05/2013,3438.79
14/05/2013,3462.61
15/05/2013,3471.62
16/05/2013,3465.24
17/05/2013,3498.97
20/05/2013,3496.43
21/05/2013,3502.12
22/05/2013,3463.3
23/05/2013,3459.42
24/05/2013,3459.14
28/05/2013,3488.89
29/05/2013,3467.52
30/05/2013,3491.3
31/05/2013,3455.91
03/06/2013,3465.37
04/06/2013,3445.26
05/06/2013,3401.48
06/06/2013,3424.05
07/06/2013,3469.22
10/06/2013,3473.77
11/06/2013,3436.95
12/06/2013,3400.43
13/06/2013,3445.36
14/06/2013,3423.56
17/06/2013,3452.13
18/06/2013,3482.18
19/06/2013,3443.2
20/06/2013,3364.64
21/06/2013,3357.25
24/06/2013,3320.76
25/06/2013,3347.89
26/06/2013,3376.22
27/06/2013,3401.86
28/06/2013,3403.25
01/07/2013,3434.49
02/07/2013,3433.4
03/07/2013,3443.67
05/07/2013,3479.38
08/07/2013,3484.83
09/07/2013,3504.26
10/07/2013,3520.76
11/07/2013,3578.3
12/07/2013,3600.08
15/07/2013,3607.49
16/07/2013,3598.5
17/07/2013,3610
18/07/2013,3611.28
19/07/2013,3587.61
22/07/2013,3600.39
23/07/2013,3579.27
24/07/2013,3579.6
25/07/2013,3605.19
26/07/2013,3613.16
29/07/2013,3599.14
30/07/2013,3616.47
31/07/2013,3626.37
01/08/2013,3675.74
02/08/2013,3689.59
05/08/2013,3692.95
06/08/2013,3665.77
07/08/2013,3654.01
08/08/2013,3669.12
09/08/2013,3660.11
12/08/2013,3669.95
13/08/2013,3684.44
14/08/2013,3669.27
15/08/2013,3606.12
16/08/2013,3602.78
19/08/2013,3589.09
20/08/2013,3613.59
21/08/2013,3599.79
22/08/2013,3638.71
23/08/2013,3657.79
26/08/2013,3657.57
27/08/2013,3578.52
28/08/2013,3593.35
29/08/2013,3620.3
30/08/2013,3589.87
03/09/2013,3612.61
04/09/2013,3649.04
05/09/2013,3658.78
06/09/2013,3660.01
09/09/2013,3706.18
10/09/2013,3729.02
11/09/2013,3725.01
12/09/2013,3715.97
13/09/2013,3722.18
16/09/2013,3717.85
17/09/2013,3745.7
18/09/2013,3783.64
19/09/2013,3789.38
20/09/2013,3774.73
23/09/2013,3765.29
24/09/2013,3768.25
25/09/2013,3761.1
26/09/2013,3787.43
27/09/2013,3781.59
30/09/2013,3771.48
01/10/2013,3817.98
02/10/2013,3815.02
03/10/2013,3774.34
04/10/2013,3807.75
07/10/2013,3770.38
08/10/2013,3694.83
09/10/2013,3677.78
10/10/2013,3760.75
11/10/2013,3791.87
14/10/2013,3815.28
15/10/2013,3794.01
16/10/2013,3839.43
17/10/2013,3863.15
18/10/2013,3914.28
21/10/2013,3920.05
22/10/2013,3929.57
23/10/2013,3907.07
24/10/2013,3928.96
25/10/2013,3943.36
28/10/2013,3940.13
29/10/2013,3952.34
30/10/2013,3930.62
31/10/2013,3919.71
01/11/2013,3922.04
04/11/2013,3936.59
05/11/2013,3939.86
06/11/2013,3931.95
07/11/2013,3857.33
08/11/2013,3919.23
11/11/2013,3919.79
12/11/2013,3919.92
13/11/2013,3965.58
14/11/2013,3972.74
15/11/2013,3985.97
18/11/2013,3949.07
19/11/2013,3931.55
20/11/2013,3921.27
21/11/2013,3969.16
22/11/2013,3991.65
25/11/2013,3994.57
26/11/2013,4017.75
27/11/2013,4044.75
29/11/2013,4059.89
02/12/2013,4045.26
03/12/2013,4037.2
04/12/2013,4038
05/12/2013,4033.17
06/12/2013,4062.52
09/12/2013,4068.75
10/12/2013,4060.49
11/12/2013,4003.81
12/12/2013,3998.4
13/12/2013,4000.98
16/12/2013,4029.52
17/12/2013,4023.68
18/12/2013,4070.06
19/12/2013,4058.14
20/12/2013,4104.74
23/12/2013,4148.9
24/12/2013,4155.42
26/12/2013,4167.18
27/12/2013,4156.59
30/12/2013,4154.2
31/12/2013,4176.59
02/01/2014,4143.07
03/01/2014,4131.91
06/01/2014,4113.68
07/01/2014,4153.18
08/01/2014,4165.61
09/01/2014,4156.19
10/01/2014,4174.67
13/01/2014,4113.3
14/01/2014,4183.02
15/01/2014,4214.88
16/01/2014,4218.69
17/01/2014,4197.58
21/01/2014,4225.76
22/01/2014,4243
23/01/2014,4218.88
24/01/2014,4128.17
27/01/2014,4083.61
28/01/2014,4097.96
29/01/2014,4051.43
30/01/2014,4123.13
31/01/2014,4103.88
03/02/2014,3996.96
04/02/2014,4031.52
05/02/2014,4011.55
06/02/2014,4057.12
07/02/2014,4125.86
10/02/2014,4148.17
11/02/2014,4191.05
12/02/2014,4201.29
13/02/2014,4240.67
14/02/2014,4244.02
18/02/2014,4272.78
19/02/2014,4237.95
20/02/2014,4267.55
21/02/2014,4263.41
24/02/2014,4292.97
25/02/2014,4287.59
26/02/2014,4292.06
27/02/2014,4318.93
28/02/2014,4308.12
03/03/2014,4277.3
04/03/2014,4351.97
05/03/2014,4357.97
06/03/2014,4352.13
07/03/2014,4336.22
10/03/2014,4334.45
11/03/2014,4307.19
12/03/2014,4323.33
13/03/2014,4260.42
14/03/2014,4245.4
17/03/2014,4279.95
18/03/2014,4333.31
19/03/2014,4307.6
20/03/2014,4319.29
21/03/2014,4276.79
24/03/2014,4226.39
25/03/2014,4234.27
26/03/2014,4173.58
27/03/2014,4151.23
28/03/2014,4155.76
31/03/2014,4198.99
01/04/2014,4268.04
02/04/2014,4276.46
03/04/2014,4237.74
04/04/2014,4127.73
07/04/2014,4079.75
08/04/2014,4112.99
09/04/2014,4183.9
10/04/2014,4054.11
11/04/2014,3999.73
14/04/2014,4022.69
15/04/2014,4034.16
16/04/2014,4086.23
17/04/2014,4095.52
21/04/2014,4121.55
22/04/2014,4161.46
23/04/2014,4126.97
24/04/2014,4148.34
25/04/2014,4075.56
28/04/2014,4074.4
29/04/2014,4103.54
30/04/2014,4114.56
01/05/2014,4127.45
02/05/2014,4123.9
05/05/2014,4138.06
06/05/2014,4080.76
07/05/2014,4067.67
08/05/2014,4051.5
09/05/2014,4071.87
12/05/2014,4143.86
13/05/2014,4130.17
14/05/2014,4100.63
15/05/2014,4069.29
16/05/2014,4090.59
19/05/2014,4125.81
20/05/2014,4096.89
21/05/2014,4131.54
22/05/2014,4154.34
23/05/2014,4185.81
27/05/2014,4237.07
28/05/2014,4225.08
29/05/2014,4247.95
30/05/2014,4242.62
02/06/2014,4237.2
03/06/2014,4234.08
04/06/2014,4251.64
05/06/2014,4296.23
06/06/2014,4321.4
09/06/2014,4336.24
10/06/2014,4338
11/06/2014,4331.93
12/06/2014,4297.63
13/06/2014,4310.65
16/06/2014,4321.1
17/06/2014,4337.23
18/06/2014,4362.84
19/06/2014,4359.33
20/06/2014,4368.04
23/06/2014,4368.68
24/06/2014,4350.35
25/06/2014,4379.76
26/06/2014,4379.05
27/06/2014,4397.93
30/06/2014,4408.18
01/07/2014,4458.65
02/07/2014,4457.73
03/07/2014,4485.93
07/07/2014,4451.53
08/07/2014,4391.46
09/07/2014,4419.03
10/07/2014,4396.2
11/07/2014,4415.49
14/07/2014,4440.42
15/07/2014,4416.39
16/07/2014,4425.97
17/07/2014,4363.45
18/07/2014,4432.15
21/07/2014,4424.7
22/07/2014,4456.02
23/07/2014,4473.7
24/07/2014,4472.11
25/07/2014,4449.56
28/07/2014,4444.91
29/07/2014,4442.7
30/07/2014,4462.9
31/07/2014,4369.77
01/08/2014,4352.64
04/08/2014,4383.89
05/08/2014,4352.84
06/08/2014,4355.05
07/08/2014,4334.97
08/08/2014,4370.9
11/08/2014,4401.33
12/08/2014,4389.25
13/08/2014,4434.13
14/08/2014,4453
15/08/2014,4464.93
18/08/2014,4508.31
19/08/2014,4527.51
20/08/2014,4526.48
21/08/2014,4532.1
22/08/2014,4538.55
25/08/2014,4557.35
26/08/2014,4570.64
27/08/2014,4569.62
28/08/2014,4557.7
29/08/2014,4580.27
02/09/2014,4598.19
03/09/2014,4572.56
04/09/2014,4562.29
05/09/2014,4582.9
08/09/2014,4592.29
09/09/2014,4552.29
10/09/2014,4586.52
11/09/2014,4591.81
12/09/2014,4567.6
15/09/2014,4518.9
16/09/2014,4552.76
17/09/2014,4562.19
18/09/2014,4593.43
19/09/2014,4579.79
22/09/2014,4527.69
23/09/2014,4508.69
24/09/2014,4555.22
25/09/2014,4466.75
26/09/2014,4512.19
29/09/2014,4505.85
30/09/2014,4493.39
01/10/2014,4422.09
02/10/2014,4430.2
03/10/2014,4475.62
06/10/2014,4454.8
07/10/2014,4385.2
08/10/2014,4468.59
09/10/2014,4378.34
10/10/2014,4276.24
13/10/2014,4213.66
14/10/2014,4227.17
15/10/2014,4215.32
16/10/2014,4217.39
17/10/2014,4258.44
20/10/2014,4316.07
21/10/2014,4419.48
22/10/2014,4382.85
23/10/2014,4452.79
24/10/2014,4483.72
27/10/2014,4485.93
28/10/2014,4564.29
29/10/2014,4549.23
30/10/2014,4566.14
31/10/2014,4630.74
03/11/2014,4638.91
04/11/2014,4623.64
05/11/2014,4620.72
06/11/2014,4638.47
07/11/2014,4632.53
10/11/2014,4651.62
11/11/2014,4660.56
12/11/2014,4675.14
13/11/2014,4680.14
14/11/2014,4688.54
17/11/2014,4671
18/11/2014,4702.44
19/11/2014,4675.71
20/11/2014,4701.87
21/11/2014,4712.97
24/11/2014,4754.89
25/11/2014,4758.25
26/11/2014,4787.32
28/11/2014,4791.63
01/12/2014,4727.35
02/12/2014,4755.81
03/12/2014,4774.47
04/12/2014,4769.44
05/12/2014,4780.76
08/12/2014,4740.69
09/12/2014,4766.47
10/12/2014,4684.02
11/12/2014,4708.16
12/12/2014,4653.6
15/12/2014,4605.16
16/12/2014,4547.83
17/12/2014,4644.31
18/12/2014,4748.4
19/12/2014,4765.38
22/12/2014,4781.42
23/12/2014,4765.42
24/12/2014,4773.47
26/12/2014,4806.86
29/12/2014,4806.91
30/12/2014,4777.44
31/12/2014,4736.05
02/01/2015,4726.81
05/01/2015,4652.57
06/01/2015,4592.74
07/01/2015,4650.47
08/01/2015,4736.19
09/01/2015,4704.07
12/01/2015,4664.71
13/01/2015,4661.5
14/01/2015,4639.32
15/01/2015,4570.82
16/01/2015,4634.38
20/01/2015,4654.85
21/01/2015,4667.42
22/01/2015,4750.4
23/01/2015,4757.88
26/01/2015,4771.76
27/01/2015,4681.5
28/01/2015,4637.99
29/01/2015,4683.41
30/01/2015,4635.24
02/02/2015,4676.69
03/02/2015,4727.74
04/02/2015,4716.7
05/02/2015,4765.1
06/02/2015,4744.4
09/02/2015,4726.01
10/02/2015,4787.64
11/02/2015,4801.18
12/02/2015,4857.61
13/02/2015,4893.84
17/02/2015,4899.27
18/02/2015,4906.36
19/02/2015,4924.7
20/02/2015,4955.97
23/02/2015,4960.97
24/02/2015,4968.12
25/02/2015,4967.14
26/02/2015,4987.89
27/02/2015,4963.53
02/03/2015,5008.1
03/03/2015,4979.9
04/03/2015,4967.14
05/03/2015,4982.81
06/03/2015,4927.37
09/03/2015,4942.44
10/03/2015,4859.79
11/03/2015,4849.94
12/03/2015,4893.29
13/03/2015,4871.76
16/03/2015,4929.51
17/03/2015,4937.43
18/03/2015,4982.83
19/03/2015,4992.38
20/03/2015,5026.42
23/03/2015,5010.97
24/03/2015,4994.73
25/03/2015,4876.52
26/03/2015,4863.36
27/03/2015,4891.22
30/03/2015,4947.44
31/03/2015,4900.88
01/04/2015,4880.23
02/04/2015,4886.94
06/04/2015,4917.32
07/04/2015,4910.23
08/04/2015,4950.82
09/04/2015,4974.56
10/04/2015,4995.98
13/04/2015,4988.25
14/04/2015,4977.29
15/04/2015,5011.02
16/04/2015,5007.79
17/04/2015,4931.81
20/04/2015,4994.6
21/04/2015,5014.1
22/04/2015,5035.17
23/04/2015,5056.06
24/04/2015,5092.08
27/04/2015,5060.25
28/04/2015,5055.42
29/04/2015,5023.64
30/04/2015,4941.42
01/05/2015,5005.39
04/05/2015,5016.93
05/05/2015,4939.33
06/05/2015,4919.64
07/05/2015,4945.54
08/05/2015,5003.55
11/05/2015,4993.57
12/05/2015,4976.19
13/05/2015,4981.69
14/05/2015,5050.8
15/05/2015,5048.29
18/05/2015,5078.44
19/05/2015,5070.03
20/05/2015,5071.74
21/05/2015,5090.79
22/05/2015,5089.36
26/05/2015,5032.75
27/05/2015,5106.593
28/05/2015,5097.976
29/05/2015,5070.026
01/06/2015,5082.929
02/06/2015,5076.524
03/06/2015,5099.231
04/06/2015,5059.125
05/06/2015,5068.458
08/06/2015,5021.627
09/06/2015,5013.865
10/06/2015,5076.689
11/06/2015,5082.509
12/06/2015,5051.102
15/06/2015,5029.973
16/06/2015,5055.553
17/06/2015,5064.881
18/06/2015,5132.949
19/06/2015,5117.001
22/06/2015,5153.972
23/06/2015,5160.095
24/06/2015,5122.414
25/06/2015,5112.19
26/06/2015,5080.505
29/06/2015,4958.468
30/06/2015,4986.867
01/07/2015,5013.124
02/07/2015,5009.214
06/07/2015,4991.94
07/07/2015,4997.459
08/07/2015,4909.761
09/07/2015,4922.397
10/07/2015,4997.696
13/07/2015,5071.512
14/07/2015,5104.891
15/07/2015,5098.941
16/07/2015,5163.184
17/07/2015,5210.143
20/07/2015,5218.859
21/07/2015,5208.12
22/07/2015,5171.77
23/07/2015,5146.409
24/07/2015,5088.629
27/07/2015,5039.776
28/07/2015,5089.207
29/07/2015,5111.733
30/07/2015,5128.785
31/07/2015,5128.281
03/08/2015,5115.382
04/08/2015,5105.546
05/08/2015,5139.945
06/08/2015,5056.44
07/08/2015,5043.544
10/08/2015,5101.799
11/08/2015,5036.79
12/08/2015,5044.387
13/08/2015,5033.558
14/08/2015,5048.235
17/08/2015,5091.699
18/08/2015,5059.347
19/08/2015,5019.051
20/08/2015,4877.487
21/08/2015,4706.039
24/08/2015,4526.249
25/08/2015,4506.488
26/08/2015,4697.537
27/08/2015,4812.708
28/08/2015,4828.325
31/08/2015,4776.508
01/09/2015,4636.105
02/09/2015,4749.979
03/09/2015,4733.497
04/09/2015,4683.918
08/09/2015,4811.93
09/09/2015,4756.528
10/09/2015,4796.251
11/09/2015,4822.341
14/09/2015,4805.763
15/09/2015,4860.52
16/09/2015,4889.239
17/09/2015,4893.949
18/09/2015,4827.228
21/09/2015,4828.955
22/09/2015,4756.723
23/09/2015,4752.744
24/09/2015,4734.479
25/09/2015,4686.496
28/09/2015,4543.969
29/09/2015,4517.321
30/09/2015,4620.165
01/10/2015,4627.084
02/10/2015,4707.775
05/10/2015,4781.264
06/10/2015,4748.36
07/10/2015,4791.152
08/10/2015,4810.788
09/10/2015,4830.47
12/10/2015,4838.643
13/10/2015,4796.609
14/10/2015,4782.848
15/10/2015,4870.1
16/10/2015,4886.688
19/10/2015,4905.471
20/10/2015,4880.972
21/10/2015,4840.117
22/10/2015,4920.05
23/10/2015,5031.864
26/10/2015,5034.704
27/10/2015,5030.145
28/10/2015,5095.69
29/10/2015,5074.274
30/10/2015,5053.749
02/11/2015,5127.145
03/11/2015,5145.126
04/11/2015,5142.479
05/11/2015,5127.738
06/11/2015,5147.121
09/11/2015,5095.302
10/11/2015,5083.244
11/11/2015,5067.02
12/11/2015,5005.079
13/11/2015,4927.883
16/11/2015,4984.617
17/11/2015,4986.015
18/11/2015,5075.203
19/11/2015,5073.639
20/11/2015,5104.918
23/11/2015,5102.478
24/11/2015,5102.808
25/11/2015,5116.143
27/11/2015,5127.524
30/11/2015,5108.666
01/12/2015,5156.307
02/12/2015,5123.222
03/12/2015,5037.527
04/12/2015,5142.271
07/12/2015,5101.812
08/12/2015,5098.243
09/12/2015,5022.865
10/12/2015,5045.172
11/12/2015,4933.465
14/12/2015,4952.229
15/12/2015,4995.357
16/12/2015,5071.132
17/12/2015,5002.553
18/12/2015,4923.082
21/12/2015,4968.922
22/12/2015,5001.11
23/12/2015,5045.932
24/12/2015,5048.492
28/12/2015,5040.985
29/12/2015,5107.938
30/12/2015,5065.846
31/12/2015,5007.412
04/01/2016,4903.089
05/01/2016,4891.43
06/01/2016,4835.765
07/01/2016,4689.426
08/01/2016,4643.631
11/01/2016,4637.989
12/01/2016,4685.919
13/01/2016,4526.064
14/01/2016,4615.003
15/01/2016,4488.417
19/01/2016,4476.95
20/01/2016,4471.686
21/01/2016,4472.056
22/01/2016,4591.18
25/01/2016,4518.491
26/01/2016,4567.673
27/01/2016,4468.167
28/01/2016,4506.676
29/01/2016,4613.953
01/02/2016,4620.367
02/02/2016,4516.946
03/02/2016,4504.238
04/02/2016,4509.559
05/02/2016,4363.144
08/02/2016,4283.753
09/02/2016,4268.763
10/02/2016,4283.592
11/02/2016,4266.837
12/02/2016,4337.512
16/02/2016,4435.956
17/02/2016,4534.064
18/02/2016,4487.537
19/02/2016,4504.429
22/02/2016,4570.607
23/02/2016,4503.583
24/02/2016,4542.606
25/02/2016,4582.205
26/02/2016,4590.473
29/02/2016,4557.95
01/03/2016,4689.595
02/03/2016,4703.422
03/03/2016,4707.422
04/03/2016,4717.021
07/03/2016,4708.254
08/03/2016,4648.825
09/03/2016,4674.378
10/03/2016,4662.156
11/03/2016,4748.466
14/03/2016,4750.28
15/03/2016,4728.668
16/03/2016,4763.97
17/03/2016,4774.985
18/03/2016,4795.647
21/03/2016,4808.872
22/03/2016,4821.659
23/03/2016,4768.861
24/03/2016,4773.505
28/03/2016,4766.787
29/03/2016,4846.623
30/03/2016,4869.294
31/03/2016,4869.848
01/04/2016,4914.542
04/04/2016,4891.795
05/04/2016,4843.933
06/04/2016,4920.715
07/04/2016,4848.366
08/04/2016,4850.689
11/04/2016,4833.399
12/04/2016,4872.091
13/04/2016,4947.42
14/04/2016,4945.886
15/04/2016,4938.216
18/04/2016,4960.017
19/04/2016,4940.33
20/04/2016,4948.13
21/04/2016,4945.886
22/04/2016,4906.228
25/04/2016,4895.786
26/04/2016,4888.283
27/04/2016,4863.141
28/04/2016,4805.291
29/04/2016,4775.358
02/05/2016,4817.594
03/05/2016,4763.224
04/05/2016,4725.64
05/05/2016,4717.094
06/05/2016,4736.155
09/05/2016,4750.209
10/05/2016,4809.88
11/05/2016,4760.688
12/05/2016,4737.334
13/05/2016,4717.676
16/05/2016,4775.459
17/05/2016,4715.733
18/05/2016,4739.119
19/05/2016,4712.533
20/05/2016,4769.558
23/05/2016,4765.782
24/05/2016,4861.056
25/05/2016,4894.891
26/05/2016,4901.766
27/05/2016,4933.505
31/05/2016,4948.055
01/06/2016,4952.251
02/06/2016,4971.363
03/06/2016,4942.517
06/06/2016,4968.713
07/06/2016,4961.753
08/06/2016,4974.642
09/06/2016,4958.616
10/06/2016,4894.548
13/06/2016,4848.44
14/06/2016,4843.551
15/06/2016,4834.932
16/06/2016,4844.915
17/06/2016,4800.338
20/06/2016,4837.214
21/06/2016,4843.763
22/06/2016,4833.319
23/06/2016,4910.041
24/06/2016,4707.979
27/06/2016,4594.443
28/06/2016,4691.867
29/06/2016,4779.246
30/06/2016,4842.672
01/07/2016,4862.567
05/07/2016,4822.901
06/07/2016,4859.161
07/07/2016,4876.807
08/07/2016,4956.757
11/07/2016,4988.639
12/07/2016,5022.82
13/07/2016,5005.727
14/07/2016,5034.058
15/07/2016,5029.588
18/07/2016,5055.783
19/07/2016,5036.373
20/07/2016,5089.933
21/07/2016,5073.904
22/07/2016,5100.162
25/07/2016,5097.628
26/07/2016,5110.047
27/07/2016,5139.81
28/07/2016,5154.982
29/07/2016,5162.131
01/08/2016,5184.196
02/08/2016,5137.732
03/08/2016,5159.737
04/08/2016,5166.248
05/08/2016,5221.121
08/08/2016,5213.141
09/08/2016,5225.48
10/08/2016,5204.584
11/08/2016,5228.399
12/08/2016,5232.895
15/08/2016,5262.015
16/08/2016,5227.111
17/08/2016,5228.658
18/08/2016,5240.146
19/08/2016,5238.378
22/08/2016,5244.603
23/08/2016,5260.078
24/08/2016,5217.695
25/08/2016,5212.204
26/08/2016,5218.917
29/08/2016,5232.328
30/08/2016,5222.989
31/08/2016,5213.219
01/09/2016,5227.206
02/09/2016,5249.899
06/09/2016,5275.908
07/09/2016,5283.926
08/09/2016,5259.482
09/09/2016,5125.908
12/09/2016,5211.888
13/09/2016,5155.255
14/09/2016,5173.771
15/09/2016,5249.686
16/09/2016,5244.566
19/09/2016,5235.027
20/09/2016,5241.352
21/09/2016,5295.182
22/09/2016,5339.523
23/09/2016,5305.747
26/09/2016,5257.491
27/09/2016,5305.711
28/09/2016,5318.547
29/09/2016,5269.154
30/09/2016,5312.002
03/10/2016,5300.874
04/10/2016,5289.657
05/10/2016,5316.02
06/10/2016,5306.852
07/10/2016,5292.405
10/10/2016,5328.674
11/10/2016,5246.788
12/10/2016,5239.019
13/10/2016,5213.333
14/10/2016,5214.161
17/10/2016,5199.823
18/10/2016,5243.836
19/10/2016,5246.412
20/10/2016,5241.833
21/10/2016,5257.402
24/10/2016,5309.827
25/10/2016,5283.399
26/10/2016,5250.268
27/10/2016,5215.975
28/10/2016,5190.104
31/10/2016,5189.135
01/11/2016,5153.577
02/11/2016,5105.565
03/11/2016,5058.408
04/11/2016,5046.371
07/11/2016,5166.173
08/11/2016,5193.489
09/11/2016,5251.072
10/11/2016,5208.796
11/11/2016,5237.114
14/11/2016,5218.396
15/11/2016,5275.622
16/11/2016,5294.584
17/11/2016,5333.973
18/11/2016,5321.513
21/11/2016,5368.86
22/11/2016,5386.35
23/11/2016,5380.678
25/11/2016,5398.92
28/11/2016,5368.813
29/11/2016,5379.918
30/11/2016,5323.681
01/12/2016,5251.107
02/12/2016,5255.652
05/12/2016,5308.892
06/12/2016,5333
07/12/2016,5393.762
08/12/2016,5417.356
09/12/2016,5444.498
12/12/2016,5412.54
13/12/2016,5463.829
14/12/2016,5436.672
15/12/2016,5456.854
16/12/2016,5437.162
19/12/2016,5457.441
20/12/2016,5483.944
21/12/2016,5471.433
22/12/2016,5447.422
23/12/2016,5462.689
27/12/2016,5487.441
28/12/2016,5438.556
29/12/2016,5432.088
30/12/2016,5383.117
03/01/2017,5429.084
04/01/2017,5477.005
05/01/2017,5487.936
06/01/2017,5521.055
09/01/2017,5531.818
10/01/2017,5551.818
11/01/2017,5563.649
12/01/2017,5547.487
13/01/2017,5574.116
17/01/2017,5538.727
18/01/2017,5555.654
19/01/2017,5540.081
20/01/2017,5555.333
23/01/2017,5552.943
24/01/2017,5600.958
25/01/2017,5656.339
26/01/2017,5655.176
27/01/2017,5660.782
30/01/2017,5613.711
31/01/2017,5614.786
01/02/2017,5642.65
02/02/2017,5636.197
03/02/2017,5666.766
06/02/2017,5663.552
07/02/2017,5674.217
08/02/2017,5682.454
09/02/2017,5715.18
10/02/2017,5734.127
13/02/2017,5763.956
14/02/2017,5782.572
15/02/2017,5819.44
16/02/2017,5814.9
17/02/2017,5838.578
21/02/2017,5865.949
22/02/2017,5860.625
23/02/2017,5835.507
24/02/2017,5845.306
27/02/2017,5861.899
28/02/2017,5825.438
01/03/2017,5904.029
02/03/2017,5861.222
03/03/2017,5870.753
06/03/2017,5849.175
07/03/2017,5833.929
08/03/2017,5837.552
09/03/2017,5838.807
10/03/2017,5861.726
13/03/2017,5875.784
14/03/2017,5856.816
15/03/2017,5900.047
16/03/2017,5900.76
17/03/2017,5900.997
20/03/2017,5901.529
21/03/2017,5793.825
22/03/2017,5821.641
23/03/2017,5817.693
24/03/2017,5828.738
27/03/2017,5840.374
28/03/2017,5875.14
29/03/2017,5897.547
30/03/2017,5914.344
31/03/2017,5911.738
03/04/2017,5894.683
04/04/2017,5898.608
05/04/2017,5864.478
06/04/2017,5878.95
07/04/2017,5877.812
10/04/2017,5880.926
11/04/2017,5866.772
12/04/2017,5836.16
13/04/2017,5805.15
17/04/2017,5856.788
18/04/2017,5849.471
19/04/2017,5863.034
20/04/2017,5916.777
21/04/2017,5910.521
24/04/2017,5983.819
25/04/2017,6025.492
26/04/2017,6025.226
27/04/2017,6048.937
28/04/2017,6047.606
01/05/2017,6091.602
02/05/2017,6095.366
03/05/2017,6072.55
04/05/2017,6075.337
05/05/2017,6100.758
08/05/2017,6102.66
09/05/2017,6120.587
10/05/2017,6129.143
11/05/2017,6115.964
12/05/2017,6121.232
15/05/2017,6149.674
16/05/2017,6169.87
17/05/2017,6011.236
18/05/2017,6055.13
19/05/2017,6083.703
22/05/2017,6133.618
23/05/2017,6138.712
24/05/2017,6163.024
25/05/2017,6205.257
26/05/2017,6210.194
30/05/2017,6203.189
31/05/2017,6198.517
01/06/2017,6246.83
02/06/2017,6305.796
05/06/2017,6295.684
06/06/2017,6275.058
07/06/2017,6297.38
08/06/2017,6321.764
09/06/2017,6207.918
12/06/2017,6175.465
13/06/2017,6220.369
14/06/2017,6194.892
15/06/2017,6165.501
16/06/2017,6151.758
19/06/2017,6239.013
20/06/2017,6188.031
21/06/2017,6233.953
22/06/2017,6236.685
23/06/2017,6265.25
26/06/2017,6247.149
27/06/2017,6146.623
28/06/2017,6234.415
29/06/2017,6144.351
30/06/2017,6140.42
03/07/2017,6110.06
05/07/2017,6150.855
06/07/2017,6089.464
07/07/2017,6153.079
10/07/2017,6176.393
11/07/2017,6193.305
12/07/2017,6261.171
13/07/2017,6274.437
14/07/2017,6312.465
17/07/2017,6314.431
18/07/2017,6344.305
19/07/2017,6385.042
20/07/2017,6390.002
21/07/2017,6387.754
24/07/2017,6410.808
25/07/2017,6412.173
26/07/2017,6422.747
27/07/2017,6382.186
28/07/2017,6374.677
31/07/2017,6348.123
01/08/2017,6362.938
02/08/2017,6362.645
03/08/2017,6340.341
04/08/2017,6351.564
07/08/2017,6383.772
08/08/2017,6370.46
09/08/2017,6352.332
10/08/2017,6216.872
11/08/2017,6256.556
14/08/2017,6340.232
15/08/2017,6333.013
16/08/2017,6345.109
17/08/2017,6221.915
18/08/2017,6216.527
21/08/2017,6213.127
22/08/2017,6297.478
23/08/2017,6278.406
24/08/2017,6271.326
25/08/2017,6265.644
28/08/2017,6283.015
29/08/2017,6301.886
30/08/2017,6368.309
31/08/2017,6428.662
01/09/2017,6435.331
05/09/2017,6375.574
06/09/2017,6393.314
07/09/2017,6397.869
08/09/2017,6360.191
11/09/2017,6432.264
12/09/2017,6454.282
13/09/2017,6460.188
14/09/2017,6429.084
15/09/2017,6448.467
18/09/2017,6454.639
19/09/2017,6461.323
20/09/2017,6456.044
21/09/2017,6422.693
22/09/2017,6426.922
25/09/2017,6370.593
26/09/2017,6380.164
27/09/2017,6453.263
28/09/2017,6453.451
29/09/2017,6495.959
02/10/2017,6516.718
03/10/2017,6531.714
04/10/2017,6534.627
05/10/2017,6585.356
06/10/2017,6590.18
09/10/2017,6579.731
10/10/2017,6587.251
11/10/2017,6603.548
12/10/2017,6591.51
13/10/2017,6605.801
16/10/2017,6624.005
17/10/2017,6623.657
18/10/2017,6624.22
19/10/2017,6605.067
20/10/2017,6629.053
23/10/2017,6586.826
24/10/2017,6598.43
25/10/2017,6563.891
26/10/2017,6556.774
27/10/2017,6701.263
30/10/2017,6698.963
31/10/2017,6727.669
01/11/2017,6716.533
02/11/2017,6714.943
03/11/2017,6764.435
06/11/2017,6786.436
07/11/2017,6767.783
08/11/2017,6789.118
09/11/2017,6750.053
10/11/2017,6750.939
13/11/2017,6757.595
14/11/2017,6737.872
15/11/2017,6706.208
16/11/2017,6793.291
17/11/2017,6782.791
20/11/2017,6790.714
21/11/2017,6862.48
22/11/2017,6867.36
24/11/2017,6889.16
27/11/2017,6878.52
28/11/2017,6912.36
29/11/2017,6824.39
30/11/2017,6873.97
01/12/2017,6847.59
04/12/2017,6775.37
05/12/2017,6762.21
06/12/2017,6776.38
07/12/2017,6812.84
08/12/2017,6840.08
11/12/2017,6875.08
12/12/2017,6862.32
13/12/2017,6875.8
14/12/2017,6856.53
15/12/2017,6936.58
18/12/2017,6994.76
19/12/2017,6963.85
20/12/2017,6960.96
21/12/2017,6965.36
22/12/2017,6959.96
26/12/2017,6936.25
27/12/2017,6939.34
28/12/2017,6950.16
29/12/2017,6903.39
02/01/2018,7006.9
03/01/2018,7065.53
04/01/2018,7077.91
05/01/2018,7136.56
08/01/2018,7157.39
09/01/2018,7163.58
10/01/2018,7153.57
11/01/2018,7211.78
12/01/2018,7261.06
16/01/2018,7223.69
17/01/2018,7298.28
18/01/2018,7296.05
19/01/2018,7336.38
22/01/2018,7408.03
23/01/2018,7460.29
24/01/2018,7415.06
25/01/2018,7411.16
26/01/2018,7505.77
29/01/2018,7466.51
30/01/2018,7402.48
31/01/2018,7411.48
01/02/2018,7385.86
02/02/2018,7240.95
05/02/2018,6967.53
06/02/2018,7115.88
07/02/2018,7051.98
08/02/2018,6777.16
09/02/2018,6874.49
12/02/2018,6981.96
13/02/2018,7013.51
14/02/2018,7143.62
15/02/2018,7256.43
16/02/2018,7239.47
20/02/2018,7234.31
21/02/2018,7218.23
22/02/2018,7210.09
23/02/2018,7337.39
26/02/2018,7421.46
27/02/2018,7330.35
28/02/2018,7273.01
01/03/2018,7180.56
02/03/2018,7257.87
05/03/2018,7330.7
06/03/2018,7372.01
07/03/2018,7396.65
08/03/2018,7427.95
09/03/2018,7560.81
12/03/2018,7588.32
13/03/2018,7511.01
14/03/2018,7496.81
15/03/2018,7481.74
16/03/2018,7481.99
19/03/2018,7344.24
20/03/2018,7364.3
21/03/2018,7345.29
22/03/2018,7166.68
23/03/2018,6992.67
26/03/2018,7220.54
27/03/2018,7008.81
28/03/2018,6949.23
29/03/2018,7063.44
02/04/2018,6870.12
03/04/2018,6941.28
04/04/2018,7042.11
05/04/2018,7076.55
06/04/2018,6915.11
09/04/2018,6950.34
10/04/2018,7094.3
11/04/2018,7069.03
12/04/2018,7140.25
13/04/2018,7106.65
16/04/2018,7156.28
17/04/2018,7281.1
18/04/2018,7295.24
19/04/2018,7238.06
20/04/2018,7146.13
23/04/2018,7128.6
24/04/2018,7007.35
25/04/2018,7003.74
26/04/2018,7118.68
27/04/2018,7119.8
30/04/2018,7066.27
01/05/2018,7130.7
02/05/2018,7100.9
03/05/2018,7088.15
04/05/2018,7209.62
07/05/2018,7265.21
08/05/2018,7266.9
09/05/2018,7339.91
10/05/2018,7404.97
11/05/2018,7402.88
14/05/2018,7411.32
15/05/2018,7351.63
16/05/2018,7398.3
17/05/2018,7382.47
18/05/2018,7354.34
21/05/2018,7394.04
22/05/2018,7378.46
23/05/2018,7425.96
24/05/2018,7424.43
25/05/2018,7433.85
29/05/2018,7396.59
30/05/2018,7462.45
31/05/2018,7442.12
01/06/2018,7554.33
04/06/2018,7606.46
05/06/2018,7637.86
06/06/2018,7689.24
07/06/2018,7635.07
08/06/2018,7645.51
11/06/2018,7659.93
12/06/2018,7703.79
13/06/2018,7695.7
14/06/2018,7761.04
15/06/2018,7746.38
18/06/2018,7747.03
19/06/2018,7725.59
20/06/2018,7781.51
21/06/2018,7712.95
22/06/2018,7692.82
25/06/2018,7532.01
26/06/2018,7561.63
27/06/2018,7445.08
28/06/2018,7503.68
29/06/2018,7510.3
02/07/2018,7567.69
03/07/2018,7502.67
05/07/2018,7586.43
06/07/2018,7688.39
09/07/2018,7756.2
10/07/2018,7759.2
11/07/2018,7716.61
12/07/2018,7823.92
13/07/2018,7825.98
16/07/2018,7805.72
17/07/2018,7855.12
18/07/2018,7854.44
19/07/2018,7825.3
20/07/2018,7820.2
23/07/2018,7841.87
24/07/2018,7840.77
25/07/2018,7932.24
26/07/2018,7852.18
27/07/2018,7737.42
30/07/2018,7630
31/07/2018,7671.79
01/08/2018,7707.29
02/08/2018,7802.69
03/08/2018,7812.01
06/08/2018,7859.68
07/08/2018,7883.66
08/08/2018,7888.33
09/08/2018,7891.78
10/08/2018,7839.11
13/08/2018,7819.71
14/08/2018,7870.89
15/08/2018,7774.12
16/08/2018,7806.52
17/08/2018,7816.33
20/08/2018,7821.01
21/08/2018,7859.17
22/08/2018,7889.1
23/08/2018,7878.46
24/08/2018,7945.98
27/08/2018,8017.9
28/08/2018,8030.04
29/08/2018,8109.69
30/08/2018,8088.36
31/08/2018,8109.54
04/09/2018,8091.25
05/09/2018,7995.17
06/09/2018,7922.73
07/09/2018,7902.54
10/09/2018,7924.16
11/09/2018,7972.47
12/09/2018,7954.23
13/09/2018,8013.71
14/09/2018,8010.04
17/09/2018,7895.79
18/09/2018,7956.11
19/09/2018,7950.04
20/09/2018,8028.23
21/09/2018,7986.96
24/09/2018,7993.25
25/09/2018,8007.47
26/09/2018,7990.37
27/09/2018,8041.97
28/09/2018,8046.35
01/10/2018,8037.3
02/10/2018,7999.55
03/10/2018,8025.09
04/10/2018,7879.51
05/10/2018,7788.45
08/10/2018,7735.95
09/10/2018,7738.02
10/10/2018,7422.05
11/10/2018,7329.06
12/10/2018,7496.89
15/10/2018,7430.74
16/10/2018,7645.49
17/10/2018,7642.7
18/10/2018,7485.14
19/10/2018,7449.03
22/10/2018,7468.63
23/10/2018,7437.54
24/10/2018,7108.4
25/10/2018,7318.34
26/10/2018,7167.21
29/10/2018,7050.29
30/10/2018,7161.65
31/10/2018,7305.9
01/11/2018,7434.06
02/11/2018,7356.99
05/11/2018,7328.85
06/11/2018,7375.96
07/11/2018,7570.75
08/11/2018,7530.88
09/11/2018,7406.9
12/11/2018,7200.87
13/11/2018,7200.87
14/11/2018,7136.39
15/11/2018,7259.03
16/11/2018,7247.87
19/11/2018,7028.48
20/11/2018,6908.82
21/11/2018,6972.25
23/11/2018,6938.98
26/11/2018,7081.85
27/11/2018,7082.7
28/11/2018,7291.59
29/11/2018,7273.08
30/11/2018,7330.54
03/12/2018,7441.51
04/12/2018,7158.43
06/12/2018,7188.26
07/12/2018,6969.25
10/12/2018,7020.52
11/12/2018,7031.83
12/12/2018,7098.31
13/12/2018,7070.33
14/12/2018,6910.66
17/12/2018,6753.73
18/12/2018,6783.91
19/12/2018,6636.83
20/12/2018,6528.41
21/12/2018,6332.99
24/12/2018,6192.92
26/12/2018,6554.36
27/12/2018,6579.49
28/12/2018,6584.52
31/12/2018,6635.28
02/01/2019,6665.94
03/01/2019,6463.5
04/01/2019,6738.86
07/01/2019,6823.47
08/01/2019,6897
09/01/2019,6957.08
10/01/2019,6986.07
11/01/2019,6971.48
14/01/2019,6905.92
15/01/2019,7023.83
16/01/2019,7034.69
17/01/2019,7084.46
18/01/2019,7157.23
22/01/2019,7020.36
23/01/2019,7025.77
24/01/2019,7073.46
25/01/2019,7164.86
28/01/2019,7085.69
29/01/2019,7028.29
30/01/2019,7183.08
31/01/2019,7281.74
01/02/2019,7263.87
04/02/2019,7347.54
05/02/2019,7402.08
06/02/2019,7375.28
07/02/2019,7288.35
08/02/2019,7298.2
11/02/2019,7307.91
12/02/2019,7414.62
13/02/2019,7420.38
14/02/2019,7426.95
15/02/2019,7472.41
19/02/2019,7486.77
20/02/2019,7489.07
21/02/2019,7459.71
22/02/2019,7527.55
25/02/2019,7554.46
26/02/2019,7549.3
27/02/2019,7554.51
28/02/2019,7532.53
01/03/2019,7595.35
04/03/2019,7577.57
05/03/2019,7576.36
06/03/2019,7505.92
07/03/2019,7421.46
08/03/2019,7408.141
11/03/2019,7558.063
12/03/2019,7591.031
13/03/2019,7643.406
14/03/2019,7630.91
15/03/2019,7688.527
18/03/2019,7714.477
19/03/2019,7723.945
20/03/2019,7728.969
21/03/2019,7838.961
22/03/2019,7642.668
25/03/2019,7637.543
26/03/2019,7691.523
27/03/2019,7643.379
28/03/2019,7669.164
29/03/2019,7729.32
01/04/2019,7828.91
02/04/2019,7848.688
03/04/2019,7895.551
04/04/2019,7891.785
05/04/2019,7938.691
08/04/2019,7953.883
09/04/2019,7909.277
10/04/2019,7964.242
11/04/2019,7947.359
12/04/2019,7984.164
15/04/2019,7976.012
16/04/2019,8000.227
17/04/2019,7996.078
18/04/2019,7998.063
19/04/2019,7998.063
22/04/2019,8015.266
23/04/2019,8120.82
24/04/2019,8102.016
25/04/2019,8118.684
26/04/2019,8146.398
29/04/2019,8161.852
30/04/2019,8095.387
01/05/2019,8049.641
02/05/2019,8036.773
03/05/2019,8163.996
06/05/2019,8123.289
07/05/2019,7963.758
08/05/2019,7943.32
09/05/2019,7910.586
10/05/2019,7916.941
13/05/2019,7647.023
14/05/2019,7734.492
15/05/2019,7822.148
16/05/2019,7898.047
17/05/2019,7816.285
20/05/2019,7702.375
21/05/2019,7785.723
22/05/2019,7750.844
23/05/2019,7628.285
24/05/2019,7637.008
28/05/2019,7607.352
29/05/2019,7547.309
30/05/2019,7567.715
31/05/2019,7453.148
03/06/2019,7333.02
04/06/2019,7527.117
05/06/2019,7575.477
06/06/2019,7615.555
07/06/2019,7742.102
10/06/2019,7823.168
11/06/2019,7822.566
12/06/2019,7792.719
13/06/2019,7837.129
14/06/2019,7796.66
17/06/2019,7845.023
18/06/2019,7953.883
19/06/2019,7987.324
20/06/2019,8051.34
21/06/2019,8031.707
24/06/2019,8005.695
25/06/2019,7884.715
26/06/2019,7909.973
27/06/2019,7967.758
28/06/2019,8006.242
01/07/2019,8091.164
02/07/2019,8109.094
03/07/2019,8170.23
05/07/2019,8161.789
08/07/2019,8098.383
09/07/2019,8141.727
10/07/2019,8202.531
11/07/2019,8196.043
12/07/2019,8244.145
15/07/2019,8258.184
16/07/2019,8222.797
17/07/2019,8185.207
18/07/2019,8207.242
19/07/2019,8146.488
22/07/2019,8204.137
23/07/2019,8251.402
24/07/2019,8321.5
25/07/2019,8238.539
26/07/2019,8330.211
29/07/2019,8293.328
30/07/2019,8273.613
31/07/2019,8175.418
01/08/2019,8111.121
02/08/2019,8004.074
05/08/2019,7726.039
06/08/2019,7833.266
07/08/2019,7862.824
08/08/2019,8039.156
09/08/2019,7959.141
12/08/2019,7863.41
13/08/2019,8016.359
14/08/2019,7773.938
15/08/2019,7766.617
16/08/2019,7895.992
19/08/2019,8002.813
20/08/2019,7948.559
21/08/2019,8020.207
22/08/2019,7991.387
23/08/2019,7751.766
26/08/2019,7853.734
27/08/2019,7826.945
28/08/2019,7856.883
29/08/2019,7973.395
30/08/2019,7962.883
03/09/2019,7874.16
04/09/2019,7976.879
05/09/2019,8116.828
06/09/2019,8103.074
09/09/2019,8087.438
10/09/2019,8084.156
11/09/2019,8169.68
12/09/2019,8194.469
13/09/2019,8176.715
16/09/2019,8153.543
17/09/2019,8186.016
18/09/2019,8177.391
19/09/2019,8182.879
20/09/2019,8117.676
23/09/2019,8112.461
24/09/2019,7993.625
25/09/2019,8077.383
26/09/2019,8030.66
27/09/2019,7939.625
30/09/2019,7999.34
01/10/2019,7908.684
02/10/2019,7785.246
03/10/2019,7872.266
04/10/2019,7982.473
07/10/2019,7956.293
08/10/2019,7823.777
09/10/2019,7903.742
10/10/2019,7950.781
11/10/2019,8057.039
14/10/2019,8048.648
15/10/2019,8148.707
16/10/2019,8124.184
17/10/2019,8156.852
18/10/2019,8089.543
21/10/2019,8162.988
22/10/2019,8104.297
23/10/2019,8119.793
24/10/2019,8185.797
25/10/2019,8243.117
28/10/2019,8325.984
29/10/2019,8276.852
30/10/2019,8303.977
31/10/2019,8292.359
01/11/2019,8386.398
04/11/2019,8433.199
05/11/2019,8434.68
06/11/2019,8410.629
07/11/2019,8434.516
08/11/2019,8475.313
11/11/2019,8464.277
12/11/2019,8486.09
13/11/2019,8482.102
14/11/2019,8479.016
15/11/2019,8540.828
18/11/2019,8549.938
19/11/2019,8570.656
20/11/2019,8526.73
21/11/2019,8506.211
22/11/2019,8519.887
25/11/2019,8632.488
26/11/2019,8647.934
27/11/2019,8705.176
29/11/2019,8665.473
02/12/2019,8567.988
03/12/2019,8520.645
04/12/2019,8566.672
05/12/2019,8570.703
06/12/2019,8656.527
09/12/2019,8621.828
10/12/2019,8616.184
11/12/2019,8654.051
12/12/2019,8717.316
13/12/2019,8734.879
16/12/2019,8814.227
17/12/2019,8823.355
18/12/2019,8827.734
19/12/2019,8887.219
20/12/2019,8924.957
23/12/2019,8945.648
24/12/2019,8952.883
26/12/2019,9022.391
27/12/2019,9006.617
30/12/2019,8945.992
31/12/2019,8972.605
02/01/2020,9092.188
03/01/2020,9020.77
06/01/2020,9071.465
07/01/2020,9068.582
08/01/2020,9129.242
09/01/2020,9203.426
10/01/2020,9178.859
13/01/2020,9273.934
14/01/2020,9251.328
15/01/2020,9258.695
16/01/2020,9357.133
17/01/2020,9388.945
21/01/2020,9370.809
22/01/2020,9383.77
23/01/2020,9402.477
24/01/2020,9314.91
27/01/2020,9139.309
28/01/2020,9269.68
29/01/2020,9275.164
30/01/2020,9298.934
31/01/2020,9150.938
03/02/2020,9273.402
04/02/2020,9467.973
05/02/2020,9508.684
06/02/2020,9572.152
07/02/2020,9520.512
10/02/2020,9628.391
11/02/2020,9638.941
12/02/2020,9725.961
13/02/2020,9711.969
14/02/2020,9731.176
18/02/2020,9732.742
19/02/2020,9817.18
20/02/2020,9750.965
21/02/2020,9576.59
24/02/2020,9221.281
25/02/2020,8965.613
26/02/2020,8980.773
27/02/2020,8566.48
28/02/2020,8567.367
02/03/2020,8952.164
03/03/2020,8684.09
04/03/2020,9018.09
05/03/2020,8738.594
06/03/2020,8575.617
09/03/2020,7950.676
10/03/2020,8344.254
11/03/2020,7952.051
12/03/2020,7201.801
13/03/2020,7874.875
16/03/2020,6904.594
17/03/2020,7334.781
18/03/2020,6989.844
19/03/2020,7150.578
20/03/2020,6879.516
23/03/2020,6860.672
24/03/2020,7417.855
25/03/2020,7384.297
26/03/2020,7797.535
27/03/2020,7502.379
30/03/2020,7774.152
31/03/2020,7700.098
01/04/2020,7360.582
02/04/2020,7487.313
03/04/2020,7373.082
06/04/2020,7913.238
07/04/2020,7887.2598
08/04/2020,
09/04/2020,
10/04/2020,
11/04/2020,
12/04/2020,
13/04/2020,
14/04/2020,
15/04/2020,
16/04/2020,
17/04/2020,
18/04/2020,
19/04/2020,
20/04/2020,
21/04/2020,
22/04/2020,
23/04/2020,
24/04/2020,
25/04/2020,
26/04/2020,
27/04/2020,
28/04/2020,
